identifier,prediction
2782,No
5514,No
34422,No
29405,No
4721,No
7768,No
16206,No
7324,No
5946,No
17879,No
14816,No
32104,No
27610,No
7094,No
38458,Yes
7852,No
38363,Yes
10880,No
31851,Yes
16820,No
11011,No
39560,Yes
29208,No
36754,No
19723,No
29932,No
12187,Yes
24104,No
34086,No
12056,No
11543,No
8334,No
39896,Yes
6442,No
28110,No
26176,Yes
25509,No
28668,No
8409,No
4241,No
4998,No
4074,No
20511,No
38462,Yes
35854,No
30834,No
31544,No
28410,No
37923,Yes
19275,No
33337,No
2958,No
11021,No
31994,Yes
1521,No
10770,No
15502,No
8390,No
15840,No
19908,No
902,No
26163,No
18221,No
21620,No
16540,No
14485,No
33676,No
24872,No
8164,No
40204,Yes
40839,Yes
5140,No
29228,Yes
2591,No
19341,No
26973,Yes
34824,No
3652,No
35776,No
22723,No
26970,No
27649,No
21012,No
20509,No
33458,No
18621,No
6445,No
33046,Yes
22538,No
245,No
17759,No
23658,Yes
11581,No
31410,No
13008,No
11316,No
38939,Yes
23612,No
37375,No
30085,Yes
1527,No
12344,No
38982,Yes
38886,Yes
40682,Yes
27990,Yes
20609,No
40806,Yes
15962,Yes
3642,No
21822,No
36374,No
18469,No
40738,Yes
31347,No
10608,No
36912,Yes
34581,No
26581,No
7272,No
40623,No
27742,No
24682,No
40504,Yes
17429,No
32069,No
36974,Yes
34637,No
40232,No
8214,No
10300,No
37898,Yes
14099,No
17688,No
21791,No
34977,No
30192,Yes
17994,Yes
4511,No
36075,No
12435,No
22176,No
11056,No
15910,No
23320,No
18509,No
25262,No
29115,No
30042,Yes
28175,Yes
6081,No
35768,No
11187,No
26428,No
34863,No
15124,No
20933,No
16063,No
32906,Yes
26119,Yes
17399,Yes
19467,No
2261,No
17644,No
998,No
2815,No
38749,Yes
33876,Yes
3860,No
11290,No
10648,Yes
8737,No
13526,No
31011,Yes
31140,No
25434,No
36114,Yes
39262,Yes
23594,No
36131,No
1147,No
39387,Yes
14737,No
34397,No
33604,No
14503,Yes
38901,Yes
2023,No
2675,No
17213,No
37496,Yes
31569,No
17753,No
28107,No
36104,No
3528,No
22537,Yes
5425,No
28067,No
38073,Yes
40153,Yes
3678,No
28520,Yes
37093,No
4822,No
23806,No
36068,No
16195,No
40608,No
6625,No
17966,No
39578,Yes
14084,No
25267,Yes
3918,No
8671,No
8239,No
13182,No
27684,Yes
8025,No
1108,No
40342,Yes
10386,No
34013,No
33174,Yes
9746,No
28289,No
2706,No
32009,No
38212,Yes
24227,No
17061,No
1163,No
3748,No
10106,No
30937,No
10576,No
21453,No
5952,No
13009,No
28952,No
33506,No
37281,Yes
4147,No
16425,No
38030,Yes
29780,Yes
2711,No
16532,No
24924,No
17666,No
25336,No
10879,No
33370,No
5117,No
35058,No
13759,No
25277,No
21892,No
30165,No
17053,No
40793,Yes
3408,Yes
29072,No
10557,No
18380,No
24699,No
13937,No
39295,Yes
5906,No
23660,No
10362,No
22293,No
19842,No
15973,No
18212,No
25204,No
12260,No
6027,No
30003,No
24652,No
20459,No
267,No
15035,No
8353,No
22574,No
15733,No
3710,No
4116,No
37355,Yes
12252,No
4137,No
25726,No
150,No
33178,Yes
21786,No
21734,No
27521,No
4310,No
22160,No
36037,No
26827,No
21322,Yes
17408,No
3922,No
39557,Yes
26275,No
4386,No
35345,No
36712,Yes
31025,No
23204,No
22838,No
10555,No
4938,No
23073,No
29880,No
26095,Yes
29622,No
17278,No
6060,No
14196,No
2642,No
23997,Yes
4480,No
11777,No
20226,No
33514,No
18027,Yes
21003,No
2949,No
7744,No
6372,No
32238,No
40189,Yes
25871,Yes
29395,No
27631,No
16585,Yes
27824,Yes
20295,No
31455,No
36497,Yes
37318,Yes
1210,No
297,No
39064,Yes
26246,No
40132,Yes
40505,No
29619,No
21519,No
10377,No
181,No
6755,No
4919,No
24910,No
31298,Yes
33898,No
1451,No
5058,No
13907,No
11819,No
6115,No
31063,No
16472,No
25133,No
36514,No
22403,No
28243,Yes
39205,Yes
36077,No
28882,No
7028,No
39290,Yes
8358,No
9106,No
6332,No
34180,No
3947,No
25006,No
5346,No
15922,No
38826,No
30485,No
21328,No
38429,Yes
28377,No
30744,Yes
39867,Yes
25039,No
17867,No
7984,No
19002,No
32680,Yes
27472,No
11243,No
15128,Yes
40703,Yes
7037,No
12641,No
17415,No
40789,No
39909,No
12866,Yes
13438,Yes
12213,No
32341,Yes
7857,No
13321,No
22013,No
9358,No
25017,No
31845,Yes
8115,No
40766,Yes
14771,No
5854,Yes
21188,No
8889,No
37728,No
26576,No
22458,No
34859,No
7612,No
33139,No
12035,Yes
34921,No
32291,No
13715,No
25123,No
17283,No
16323,No
19929,No
5449,No
11751,No
36980,Yes
12904,Yes
3221,No
22896,No
27040,No
6804,No
40769,Yes
15610,No
6597,No
35498,No
30205,No
22191,No
11743,No
39299,Yes
19578,No
36074,Yes
16048,No
34964,No
10146,No
6411,No
3096,No
16784,No
7690,Yes
21250,No
11637,No
31008,No
7576,No
6633,No
31315,No
8154,No
13529,No
521,No
32990,No
32783,No
28578,Yes
3594,Yes
33757,Yes
11478,No
17178,No
39693,Yes
28584,No
7883,No
24364,No
18359,No
37756,Yes
20927,No
28667,No
38036,No
41014,Yes
29264,No
30786,Yes
11554,No
38249,Yes
13688,No
27763,Yes
15668,No
19731,No
29441,No
6472,No
31481,No
40720,Yes
8274,No
19264,No
37426,Yes
23805,No
31586,No
4138,No
19932,No
23807,No
4742,No
26210,Yes
36915,No
39062,Yes
27582,No
20750,Yes
19862,Yes
5923,No
13445,No
18424,No
5169,No
18455,No
8433,No
7667,No
4419,No
28263,No
17664,No
6935,No
30682,No
23407,No
9691,No
41124,Yes
179,No
40482,Yes
9576,No
39465,Yes
28044,No
36503,No
28049,No
11509,No
6744,No
7954,No
33942,No
7429,No
29770,No
7568,No
39674,Yes
21151,No
1770,No
28863,Yes
3865,No
19357,No
38879,No
29468,No
30940,No
26912,No
36449,No
35770,No
15572,No
21031,No
5051,No
32480,No
15293,No
19311,No
29977,Yes
29736,No
41016,Yes
15075,No
38350,Yes
16589,No
850,No
21537,No
25681,No
794,No
19655,No
11601,No
3019,No
39528,Yes
34313,No
6355,No
13298,No
12689,No
21377,Yes
4610,No
7299,Yes
26233,No
25388,No
24153,No
14427,No
22752,No
12454,No
27174,No
14233,No
36796,No
3875,No
3309,No
29866,No
25155,No
24741,No
39468,Yes
18917,No
37660,Yes
8819,No
6202,No
1079,No
2016,No
31016,No
28391,No
10780,No
32097,No
24203,No
21662,No
1854,No
21176,No
2842,No
17478,No
6975,No
9599,No
2717,No
22982,No
30589,Yes
15557,No
29471,No
22844,No
31983,No
12379,No
30892,No
40037,Yes
4056,No
34614,Yes
23863,No
16115,No
12511,No
26282,No
1450,No
30472,Yes
20505,Yes
39512,Yes
37422,No
16850,No
30507,No
16140,No
29306,Yes
36992,Yes
31094,No
6471,No
13677,No
12661,Yes
7048,No
10413,No
34255,No
32350,No
8655,No
32690,Yes
19348,No
12444,No
12403,No
12852,No
28400,Yes
1554,No
37907,Yes
13823,No
36163,Yes
35294,No
118,No
23550,No
471,No
40252,No
39008,Yes
35676,No
754,No
14122,No
31049,No
17276,No
11284,No
2456,No
35232,No
19378,Yes
17850,Yes
13532,No
39191,Yes
2532,No
13861,No
3306,No
40761,No
31868,No
12041,Yes
8488,No
6632,Yes
29544,No
5623,No
22636,No
33281,No
2395,No
6437,No
11685,No
4846,No
32223,No
10080,No
39532,Yes
17793,No
10118,No
18505,No
10669,No
14589,Yes
25750,No
4440,No
31981,Yes
8607,Yes
31161,No
24578,Yes
22022,No
18778,No
26892,Yes
27497,Yes
24541,No
22463,No
302,No
23890,No
6391,No
716,No
1986,No
22934,No
17363,No
33507,Yes
37983,Yes
2235,No
40735,Yes
1123,No
15475,No
8886,No
14526,No
7478,Yes
35463,No
18012,No
12060,No
6971,Yes
35151,No
37398,No
35011,No
32596,Yes
10177,No
25801,No
21987,No
4605,No
19991,No
10297,Yes
7362,No
26562,No
17030,No
25108,No
14878,No
37926,Yes
10603,No
18445,No
28595,No
19863,No
13956,Yes
27532,No
32702,No
30294,Yes
28611,No
13308,No
14411,No
37251,Yes
26628,No
20083,No
24627,No
26773,No
10444,No
9201,No
19596,No
9929,No
27037,No
16638,No
16939,No
20526,Yes
35249,No
23173,No
6127,No
7681,No
21789,No
13774,No
17749,No
10698,No
4888,No
8631,No
21010,No
24953,No
32397,No
40203,Yes
29438,No
10547,No
19272,No
28154,No
28163,No
4548,No
10061,Yes
16246,No
10738,No
9490,No
11799,Yes
14806,No
7844,No
30934,No
11228,No
25579,Yes
9863,No
33884,No
22721,No
32952,No
8372,No
20991,No
30638,Yes
16207,No
30425,No
24902,Yes
26513,No
33377,No
20170,No
2603,No
22083,No
20075,No
24612,No
28653,No
7662,No
30687,No
29654,No
20036,Yes
9450,No
12571,No
5567,No
36320,Yes
41109,Yes
18264,Yes
32873,No
876,Yes
36949,No
6827,No
13472,No
23031,No
25568,No
19151,No
25237,No
34185,Yes
16470,No
28792,Yes
7501,Yes
1519,No
33750,No
15349,No
37354,Yes
35121,No
18408,No
2763,Yes
6361,No
29529,Yes
16740,No
2771,No
2148,No
35698,Yes
26586,No
40429,No
954,No
1914,No
1592,No
28730,No
6162,No
2956,No
36825,Yes
22760,No
14607,No
31556,No
11429,No
16630,No
29038,No
12175,No
6222,No
17964,No
22899,No
14373,No
22869,No
32263,No
21383,No
9301,No
4158,No
3024,No
19539,No
25134,No
35563,No
8059,No
37434,No
14317,No
19180,No
35006,No
39787,Yes
453,No
15307,No
32971,No
24575,No
38561,Yes
33801,No
13372,No
37773,Yes
40646,Yes
29366,No
5084,No
17043,No
31304,Yes
5530,No
1377,No
5730,No
21339,No
19941,No
20960,No
10343,No
32781,No
33768,No
8031,No
40730,Yes
37054,No
15860,No
37567,No
38457,Yes
9587,No
16873,No
22343,No
29689,No
21443,No
18288,Yes
17834,No
35198,No
30494,No
18512,No
34229,No
27200,No
22389,No
13289,No
1226,No
30946,No
6429,No
31060,No
9956,No
29510,Yes
11730,No
4009,No
8273,No
26132,No
28959,No
1442,Yes
36521,Yes
23109,No
35505,No
21256,No
10127,No
10778,No
13142,No
16200,No
11237,No
24189,No
1802,No
26591,No
40276,Yes
33195,No
8598,No
16801,No
31366,No
5841,No
18451,No
37586,No
26050,Yes
23679,No
32864,No
8292,No
35804,No
18310,No
24100,Yes
9897,No
34300,No
17814,No
14928,No
1762,No
38159,Yes
9282,No
20291,No
29500,No
27640,No
26638,No
41180,Yes
27399,No
29958,No
18918,No
2369,No
30873,No
2900,No
8608,No
6158,No
39339,Yes
5333,No
40691,Yes
29031,Yes
25306,No
3036,No
20079,No
33146,No
15114,No
12933,Yes
4647,No
6362,Yes
38492,Yes
1806,No
9091,Yes
1660,No
20356,No
26334,No
12109,No
30170,No
29412,No
35959,No
19356,No
20576,No
3632,No
4033,No
26159,No
36886,No
22341,No
28682,No
20715,Yes
31086,No
21739,No
37722,No
8885,No
36892,Yes
728,No
38577,Yes
17279,No
186,No
4807,No
4287,No
40900,Yes
9936,No
586,No
26222,No
39983,Yes
19993,No
16443,No
9325,No
29659,No
21914,No
2624,Yes
24156,No
32924,No
35303,No
23248,No
13824,No
29623,No
34249,No
6554,No
38309,No
36047,No
3479,Yes
12345,No
9991,No
33636,No
25638,No
28976,No
6052,No
8700,No
20687,No
37694,Yes
8782,No
29390,No
4353,Yes
381,No
37609,Yes
37569,Yes
23012,No
38737,No
24056,Yes
38053,Yes
38011,Yes
39853,Yes
15205,No
17333,No
3545,Yes
30683,No
13737,Yes
35351,No
23464,No
1276,No
12638,No
10908,No
557,No
21997,No
20129,No
3608,Yes
10693,No
22632,Yes
26993,No
8906,No
25073,No
18010,No
11065,No
26825,No
2615,No
12271,No
6476,No
21119,No
25955,No
32173,No
31627,No
12616,No
32580,Yes
18499,No
10541,No
35732,No
34641,Yes
33629,No
6732,No
31548,No
40937,Yes
16705,No
20046,No
19470,No
26491,No
24404,No
31489,No
35070,No
5353,No
30524,No
35074,No
28189,No
24671,No
9517,No
33171,No
382,No
24256,No
13971,No
22067,No
16059,No
41001,No
9499,No
26516,No
12706,No
1245,No
39145,Yes
35462,No
29093,No
17887,No
4671,No
17570,No
5900,No
11907,No
25417,No
26940,No
19900,No
33032,No
30152,No
33820,No
8010,No
28927,Yes
39033,Yes
3198,No
16985,Yes
36119,No
20595,No
34792,No
19565,No
6318,No
9868,No
27837,No
25284,No
33027,No
31334,No
20908,No
9227,No
2141,No
29782,No
15787,Yes
8778,No
16994,Yes
27550,No
16914,No
15320,No
9022,No
7316,No
22344,No
18369,No
11922,No
22118,No
26014,No
23532,No
7545,No
9352,No
29358,No
1070,No
31519,No
32988,Yes
21331,No
26767,Yes
36506,Yes
26696,Yes
12716,No
17744,No
20944,No
21307,No
38601,No
4464,No
25432,No
13997,No
38195,Yes
12774,No
40758,Yes
18727,No
6401,No
34697,Yes
18904,No
16495,No
16814,No
23605,No
29446,No
11112,Yes
18178,No
1685,No
24528,No
37224,Yes
34746,No
32677,No
23665,No
27608,No
30545,No
5685,No
37007,Yes
24022,Yes
21855,No
9494,No
7803,No
35354,No
4936,No
23757,No
32241,No
22750,No
36422,Yes
23985,No
34588,Yes
13450,No
14683,No
36523,No
31884,No
12861,Yes
37042,No
33466,Yes
2378,No
39631,Yes
1717,No
36303,Yes
36621,Yes
28803,Yes
21705,No
28499,No
2627,No
18376,No
27090,No
18854,No
17260,No
33953,No
17561,No
35048,No
7065,No
20654,No
38887,No
31360,No
15770,No
29355,No
19161,No
36529,Yes
8685,No
38491,Yes
9363,Yes
10436,No
8764,No
1746,No
26220,No
28933,No
26712,No
21233,No
26941,No
774,No
4916,No
19774,No
25575,Yes
11118,No
7336,No
32360,No
1491,No
30129,Yes
3648,No
6731,No
11662,No
34427,Yes
18059,No
30708,No
29669,No
24258,No
5203,No
13389,No
35416,No
24599,No
17991,No
38753,No
33837,No
36351,Yes
25677,No
23096,No
3763,No
10455,No
13780,No
33588,Yes
4422,No
16008,No
1829,No
15783,No
24119,No
33762,No
11155,No
27987,Yes
8001,No
26709,No
16975,No
31953,Yes
19730,No
25772,No
33535,No
37460,No
30005,Yes
37129,Yes
38477,No
1918,No
40678,No
17651,No
2830,Yes
22056,No
11965,No
30333,Yes
11475,No
37708,Yes
26390,No
3426,No
23346,No
40543,Yes
34303,No
23268,Yes
39489,Yes
21695,No
22625,No
2181,No
6991,No
19905,Yes
4980,No
37280,No
9967,No
36288,No
31739,No
19897,No
5753,No
28208,No
5885,No
27272,No
30038,No
11158,No
1351,No
30858,No
15027,No
23778,No
37385,Yes
17246,Yes
35915,No
40103,Yes
24013,No
22096,No
3361,No
36141,Yes
6153,No
26903,No
19359,No
9965,No
4403,No
15449,No
10157,Yes
24471,No
18198,No
16336,No
27847,Yes
21238,No
32455,No
2406,No
13605,No
36009,No
33729,No
15421,No
21378,Yes
34627,No
28586,Yes
31153,No
3753,No
17577,No
4863,No
32398,No
36908,Yes
21664,No
2257,No
19736,Yes
36648,No
27107,No
12520,No
22696,No
10626,No
33782,No
16716,No
31567,No
10129,No
35364,No
4794,No
11226,No
36871,Yes
1280,No
35132,No
17941,No
9753,No
25130,No
3770,Yes
12803,No
26195,No
10279,No
10784,No
12117,No
21236,No
39309,Yes
19133,No
15974,No
40916,Yes
25758,No
41151,Yes
29401,Yes
39607,Yes
7912,No
12539,No
3547,Yes
21610,No
34813,No
21473,No
23617,No
10584,No
2544,No
9235,No
39237,No
4860,Yes
29181,No
7769,No
1404,No
11611,No
40000,No
27030,Yes
30438,No
39836,Yes
11925,No
10347,No
15672,No
27456,No
21884,No
721,No
125,No
11257,No
17606,No
27602,No
17244,Yes
21391,No
12739,No
11298,No
29714,No
22161,No
26307,No
28915,No
19482,No
1838,No
20877,No
23059,No
3343,No
17627,No
9665,No
38956,No
11793,No
22800,No
32160,No
26508,No
9284,No
16014,No
39214,No
11703,No
22961,No
31510,Yes
31488,No
3790,No
27493,No
31388,Yes
24850,Yes
38484,Yes
5593,No
27647,No
20059,No
20782,No
20480,No
33170,No
13735,No
7166,No
23986,No
11520,No
26032,No
37036,Yes
22980,No
9178,No
641,No
13765,No
12985,No
39193,Yes
19773,No
40936,Yes
5043,No
30286,No
38780,Yes
4366,No
36225,Yes
13943,No
13568,No
34994,No
22983,No
110,No
14569,No
39600,No
30358,No
32808,No
33264,No
1256,Yes
15036,No
31130,No
15632,No
34803,Yes
24845,No
33686,No
8827,No
25511,No
37332,Yes
13757,No
38923,Yes
38418,Yes
25404,No
38658,No
8698,No
27443,No
29939,No
15622,No
1481,No
13167,No
4085,No
984,No
3505,No
40339,Yes
31604,No
10877,Yes
14355,No
20259,No
32925,No
32869,No
26649,Yes
810,No
6129,No
34056,No
10124,Yes
25898,No
24265,No
7321,No
32348,Yes
2104,Yes
22046,No
1034,No
11526,No
18164,No
12613,No
26987,No
21570,No
21116,No
5737,No
40082,Yes
27975,No
3582,No
29530,No
9475,No
40958,Yes
17997,No
24460,No
32244,No
24076,Yes
22155,No
24031,Yes
5731,Yes
12414,No
37088,Yes
20156,No
17715,No
1121,No
2622,No
7275,No
30781,No
32733,No
34751,No
3101,No
20575,No
38407,Yes
23956,No
10169,Yes
14749,Yes
22540,No
22252,No
27998,Yes
27635,No
33908,No
14926,No
36004,No
38608,No
15589,Yes
649,No
19016,No
3864,No
38460,No
2093,No
19097,Yes
16541,No
33977,No
33619,No
15714,No
36696,Yes
41144,No
2259,No
21368,No
16905,No
37388,Yes
24790,No
34046,No
15943,No
14520,Yes
12581,No
30429,Yes
1635,No
7688,No
26754,No
11320,No
30030,No
37056,Yes
32483,Yes
39494,Yes
24545,No
14985,No
28817,Yes
13072,No
23691,No
34011,No
3043,No
12829,No
8453,No
11355,No
31286,No
27733,Yes
35582,No
28447,No
37427,Yes
35921,No
6974,No
11194,No
16514,No
28133,Yes
2146,No
5287,No
6963,No
2968,No
21568,Yes
19782,No
40700,Yes
3030,No
37665,Yes
3097,No
10767,No
25887,No
9974,No
2943,No
487,No
39684,Yes
25395,No
10543,No
28795,Yes
27489,No
15764,No
15535,No
35585,No
4242,No
29558,No
10276,No
39945,Yes
7535,No
37492,Yes
38520,Yes
30344,Yes
33317,Yes
41148,Yes
6392,No
33039,No
14984,No
19526,No
32148,No
35903,No
11130,No
20824,No
20613,No
6588,No
25213,No
1642,No
24150,No
30931,No
9179,No
9365,Yes
619,No
29777,No
11361,No
22773,No
28061,No
27279,No
35844,No
17314,Yes
10382,No
23847,No
4144,No
7579,No
27589,No
37484,Yes
38827,Yes
22646,No
20880,No
3078,No
36057,No
23782,No
27918,Yes
8668,No
22438,No
4599,No
16923,No
13782,No
14996,No
18559,No
38832,Yes
25583,No
24630,No
16414,No
6674,No
34642,No
24778,Yes
3121,No
28802,No
6875,No
10301,No
583,No
18892,No
39224,Yes
22979,No
31742,No
22077,No
14157,No
13578,No
32539,No
29758,No
39461,Yes
28426,Yes
20400,No
31791,Yes
2837,No
31859,Yes
20805,No
29141,No
2845,No
39510,Yes
18219,No
36346,No
27372,No
15081,No
29012,No
27800,No
11759,Yes
29882,No
24262,No
13015,No
8013,No
22755,No
3966,No
8693,No
28678,No
32041,No
24539,No
13771,No
33245,No
23224,No
13497,No
20071,No
23391,No
1379,No
30542,Yes
20342,No
28638,No
36304,Yes
23741,No
38226,Yes
32090,No
30539,Yes
33682,Yes
20841,No
29244,No
14870,Yes
38066,No
32253,No
38411,Yes
36772,Yes
282,No
34280,No
25272,No
5311,No
7628,No
31068,No
12030,No
11899,No
27227,No
7189,No
33482,No
37578,Yes
7460,No
20026,No
3767,No
13326,No
36660,Yes
13363,No
12387,Yes
14114,No
6542,No
28351,No
24486,No
39675,Yes
12065,No
23244,No
10022,Yes
27702,Yes
7776,No
36590,No
3468,No
8282,No
11752,No
27722,Yes
36978,Yes
31149,No
9813,No
24318,No
25344,No
12791,No
32547,No
29106,No
16453,No
21252,No
9549,No
14229,No
12540,Yes
35842,No
15193,No
14246,No
9213,No
15596,No
29970,Yes
26817,No
5161,No
18998,No
15723,No
17835,No
32018,No
33985,No
24775,No
7119,No
33808,No
34451,No
39351,No
9174,No
10504,No
13012,No
30217,No
30157,Yes
24989,No
215,No
19120,No
17786,No
20819,No
21392,No
17125,Yes
7965,No
16169,No
20779,Yes
22448,No
36691,Yes
10811,No
33218,No
38144,Yes
25081,No
34193,No
2614,No
357,No
24059,Yes
23703,No
31883,No
31342,No
31760,No
14504,No
2693,No
9528,No
31525,No
2387,No
16951,No
22666,No
35160,Yes
38049,Yes
23300,No
17848,Yes
37839,Yes
29167,No
37560,Yes
5173,No
21407,No
15404,No
8762,No
5164,No
4623,No
32407,No
7552,No
25546,No
36741,No
1680,No
14841,No
24463,No
28129,No
8879,No
29816,No
34312,No
35367,No
15345,Yes
32954,No
23850,No
39127,Yes
5728,No
9385,No
20165,No
28773,No
11596,No
9391,No
13718,No
23447,No
6125,No
17230,Yes
15324,No
11332,No
31284,No
17637,No
23615,No
10800,No
35708,Yes
13476,No
7438,No
2483,No
24977,No
40361,Yes
19604,Yes
33439,No
15934,Yes
5847,Yes
9979,No
30869,No
28755,No
34084,No
8688,No
33373,No
36381,Yes
30121,No
24453,No
14751,No
13173,No
36724,Yes
31878,No
12374,No
10711,No
38496,Yes
22329,No
30186,Yes
2565,Yes
40014,Yes
40930,Yes
21481,No
23270,No
11640,Yes
11094,No
24996,No
18773,No
2430,No
6208,No
26559,No
2609,No
34420,Yes
8666,No
38524,Yes
37889,No
37121,Yes
40664,Yes
19575,No
25079,No
1496,No
38548,Yes
22607,No
36139,No
40094,Yes
26929,No
22112,No
13787,No
23520,No
40197,Yes
23258,No
11161,No
1425,No
4100,No
15834,No
9923,No
35564,Yes
37557,Yes
9468,No
256,No
3474,No
22098,No
39281,Yes
35440,No
20913,No
33800,No
4140,No
31554,No
37128,Yes
38820,Yes
540,No
32888,No
10807,No
12266,No
15944,No
23728,No
12751,No
41160,Yes
30316,No
22517,No
33204,Yes
30537,No
20335,No
26385,No
23590,No
18862,No
4407,No
9686,No
38509,Yes
29847,No
34065,Yes
28998,No
35744,Yes
4685,No
25092,No
20889,No
5651,No
25754,No
37758,Yes
35296,No
31658,Yes
34942,No
24086,Yes
30651,Yes
9844,No
40263,Yes
13615,No
3417,No
15760,No
7452,No
5260,No
22187,No
20619,No
29568,No
32652,No
19967,Yes
9825,Yes
8081,No
37752,Yes
17899,No
10060,No
35218,Yes
26336,No
17264,Yes
9224,No
13792,Yes
18965,No
14555,No
3571,Yes
35383,No
20124,No
24032,Yes
18899,No
19547,No
14445,No
29456,No
29521,No
29050,No
12617,No
1460,No
16454,Yes
31257,No
27179,No
23311,No
21192,No
22883,No
34098,No
3155,No
27549,No
14554,Yes
15689,No
36250,No
16052,No
21186,No
3380,No
15631,No
31367,No
15431,No
11258,No
38953,Yes
10408,Yes
27415,No
36862,Yes
592,No
8602,No
7643,No
36781,Yes
7108,No
28691,No
21925,No
23651,No
19780,No
12547,No
19367,Yes
28877,Yes
28736,Yes
39746,Yes
2585,No
30554,No
22796,No
9143,No
2341,No
30512,No
7285,No
19714,No
14868,Yes
20401,No
30806,No
7038,No
16778,No
8553,No
33573,No
30051,No
8869,No
17256,No
1921,No
9948,No
22069,No
38004,Yes
25436,No
12404,Yes
32400,No
21303,No
29577,No
14819,No
37558,Yes
23631,No
19429,No
10287,No
12474,No
88,Yes
17375,No
11826,No
15292,No
29934,No
31931,No
11623,No
19585,No
13115,No
25958,No
12147,No
24846,No
29757,No
17153,No
37162,Yes
30942,Yes
38424,No
38078,Yes
11889,No
36649,No
9588,No
32267,No
39346,Yes
2193,No
2214,No
19448,No
36145,No
8918,No
33907,No
35554,No
6864,No
1523,No
1085,No
34165,Yes
36111,No
31189,No
13200,No
21599,No
4953,No
387,No
38341,Yes
28425,No
35068,No
37534,Yes
447,No
22609,No
29887,No
22859,No
14516,No
36624,Yes
640,No
15006,No
35810,No
4050,Yes
39877,No
23920,No
28818,No
17860,Yes
36945,Yes
29327,No
35033,Yes
6798,No
18112,No
16634,No
21842,No
19760,No
6786,No
25308,No
1559,No
14464,No
5973,No
2397,No
14473,No
36051,No
4590,No
4632,No
41112,No
7961,Yes
3907,No
39834,Yes
5509,No
31966,No
7458,No
31964,No
29303,No
2151,No
16908,No
38376,Yes
17277,No
13631,No
41158,Yes
1300,No
8082,No
12220,No
6033,No
8473,No
31816,No
3156,No
30132,Yes
26401,No
2007,No
3553,No
14889,No
9292,No
21039,Yes
4886,No
39234,Yes
33515,Yes
30611,No
2412,No
40415,No
6381,No
34526,No
9191,No
10849,No
29874,No
25050,No
34240,No
9949,No
25439,No
23184,No
11699,No
27583,No
35747,No
36937,Yes
24760,No
22656,No
24561,No
40271,Yes
40642,Yes
7211,No
8829,No
32597,No
34935,No
8821,Yes
4371,No
6833,No
34106,No
36501,Yes
29599,No
33969,No
39427,Yes
14587,No
30912,No
18308,No
778,No
8479,No
29813,Yes
35853,Yes
39837,Yes
34586,No
14408,No
5398,No
23970,No
13030,No
7546,No
37847,No
38503,Yes
23502,No
39207,Yes
17409,Yes
1626,No
36465,Yes
3619,No
2352,No
13542,No
9795,No
23873,No
33125,Yes
33477,Yes
5352,No
29911,No
34962,No
35431,No
39929,Yes
224,No
28524,No
37008,Yes
23648,No
17586,No
38206,Yes
37803,Yes
10149,No
7676,No
24354,No
10869,No
5956,No
5656,No
17995,No
35162,No
37646,Yes
2436,No
24300,No
37780,Yes
24231,No
6836,No
18751,No
34087,No
36309,No
19912,No
21954,Yes
8648,No
14763,Yes
36411,Yes
4573,No
18060,No
20974,No
35630,No
15981,No
33483,No
12534,No
40820,Yes
29987,Yes
18306,No
27598,No
33959,No
33097,No
11978,No
24428,No
39220,Yes
40686,Yes
1013,No
18002,No
15084,No
13993,No
3812,No
20318,No
16974,No
14212,No
25872,No
2147,No
19706,No
35521,No
549,No
29881,No
18617,No
38968,Yes
15305,No
3051,No
33561,No
29469,No
30870,No
217,No
29591,No
298,No
38950,Yes
18911,No
21755,No
29705,No
18472,No
40641,No
25226,No
39649,Yes
37333,No
6456,No
18731,No
37195,Yes
3203,Yes
33267,No
6972,No
8027,No
6344,No
27983,Yes
21828,No
39320,Yes
35831,No
9238,No
14919,Yes
33400,No
7956,No
24472,No
1686,No
36190,No
27145,No
40364,Yes
8197,No
38724,Yes
33948,No
38779,Yes
39472,Yes
5358,No
36751,Yes
10945,No
35528,No
11731,No
11817,No
11856,No
9703,No
36418,Yes
27627,No
32419,No
24307,No
14170,No
1477,No
15745,No
22514,No
28958,No
11720,No
38437,Yes
40653,Yes
28774,No
27459,Yes
32298,No
27218,No
25245,No
9155,No
10503,No
1587,No
2355,No
33641,No
31886,No
32612,No
31117,No
26671,No
9257,No
39065,Yes
14808,No
26517,No
17813,No
37478,Yes
2578,No
16407,No
19115,Yes
6988,No
23758,No
20533,Yes
37401,Yes
6336,No
11342,No
24780,No
33885,No
32154,No
16230,No
40899,No
30944,No
24240,No
15254,Yes
25445,No
35133,No
27144,No
12426,No
33148,No
24188,No
4340,No
5529,No
10977,Yes
37429,Yes
11461,No
4126,No
25934,No
6002,No
40888,No
11109,No
30240,No
16476,No
21099,No
26895,Yes
25770,No
18586,No
9315,No
8203,No
30305,No
23077,No
21279,No
9903,No
18014,No
33141,No
5660,No
25148,No
5587,No
18686,No
27461,No
37960,Yes
6752,No
22586,No
40634,Yes
40831,No
1313,No
39106,Yes
7191,No
20351,No
27585,No
33265,No
27699,No
11744,No
35188,No
14991,No
28965,No
8652,No
37623,No
16458,No
13157,No
1178,No
6932,No
21741,No
32604,No
32564,No
4311,No
2824,No
6745,No
19317,No
5447,No
11530,No
27432,No
10170,No
37078,Yes
37017,Yes
35417,No
38085,No
14266,No
3047,Yes
35340,No
35321,No
23277,No
3428,No
33389,No
25195,No
3196,No
5007,Yes
19449,Yes
23546,No
23260,No
36925,Yes
20176,No
5091,No
28601,Yes
11839,No
39391,Yes
17946,No
30603,No
26083,No
21857,No
24450,No
33774,No
29212,No
8699,No
15848,No
321,No
4584,No
26640,No
32821,No
34061,No
9720,No
10469,No
14639,Yes
38475,No
38659,Yes
24466,No
1237,No
828,No
18072,No
30480,No
16170,No
22372,No
23054,No
20589,No
40067,Yes
5234,No
14249,Yes
14811,No
37450,Yes
27901,Yes
5034,No
32742,No
27008,No
8199,No
39809,No
10594,No
3008,No
2164,No
16272,No
28416,Yes
11425,No
31879,No
12889,No
29518,No
103,No
39221,Yes
23221,No
40181,No
134,No
4302,No
39174,Yes
34541,No
594,No
1699,No
36412,Yes
24205,No
35882,Yes
6531,Yes
40335,Yes
21491,No
37748,No
9774,No
29294,Yes
819,No
25315,No
7784,No
32880,No
32144,No
17069,No
21199,No
13346,No
40053,Yes
26098,No
5244,No
3952,No
19301,No
9317,No
32538,No
17875,No
21395,No
16515,No
33809,No
22710,No
24693,No
2994,No
18882,Yes
9139,No
17832,No
33631,Yes
12478,No
34604,No
40003,No
20007,No
11131,No
4022,No
11314,No
13468,No
26937,Yes
19662,No
35772,Yes
30073,No
14690,Yes
23034,No
6849,No
2996,No
17401,No
35870,No
20563,No
35686,No
12986,No
13742,No
14301,No
29957,Yes
13961,Yes
14344,No
18890,No
31896,Yes
22016,No
7301,No
20102,No
20795,No
8283,No
31684,Yes
37828,No
35707,No
13,No
8075,No
26142,No
14379,No
23046,No
25117,No
39526,Yes
28418,No
27298,No
34733,No
9924,No
16219,No
21653,No
35353,No
9969,No
29485,No
25869,No
2410,No
23110,No
10915,No
12013,No
39919,Yes
23889,No
5838,No
28206,No
5094,No
36408,No
17918,No
20050,No
16891,No
30653,No
14493,No
26748,No
26359,Yes
23909,No
14666,No
32479,No
40995,Yes
18670,No
12458,Yes
6540,No
17871,Yes
22320,No
30881,No
27111,No
17491,No
1807,No
30020,Yes
30043,Yes
36053,No
39023,Yes
38204,Yes
38338,Yes
10193,No
40303,No
10668,No
6468,No
22977,No
20074,No
30951,No
23593,No
18292,No
5328,No
12214,No
15555,No
26924,No
11121,No
32876,No
35143,Yes
33168,No
10126,No
40202,No
6763,No
30793,No
28111,Yes
8635,No
8015,No
22504,No
38607,No
17078,No
4289,No
30102,No
1909,No
22904,Yes
7278,No
25860,No
21736,No
21361,No
38319,Yes
34448,No
36487,No
18774,No
17824,No
18439,No
28510,No
6717,No
5421,No
10012,No
6884,No
39010,Yes
25999,No
29704,Yes
9333,No
33544,No
24399,No
5461,No
37859,Yes
39820,Yes
3044,No
36424,Yes
14121,No
33684,No
9433,No
8151,No
10850,No
35055,No
22029,No
17138,No
9866,No
37633,Yes
23742,No
20044,No
39602,No
2503,No
5296,No
12415,No
25818,No
15561,No
4603,No
28363,No
40123,Yes
30614,Yes
4550,No
38858,Yes
14169,No
39770,Yes
28106,No
24380,No
2139,No
23979,No
33271,Yes
28950,No
894,No
593,No
20816,No
35756,No
12394,No
5236,No
6686,No
23065,No
2226,No
8033,No
7617,No
2560,No
24577,No
13701,No
17120,No
39196,Yes
9925,No
10574,No
5289,No
2601,No
5075,No
5583,No
7774,No
37277,No
15363,No
11658,No
9378,No
38896,Yes
25173,No
18157,No
18708,No
38515,Yes
38133,No
35009,No
31708,No
6986,No
36007,No
20861,No
40705,No
36545,Yes
16479,No
35207,No
31345,No
17670,No
7476,No
34044,No
24559,No
10643,No
5006,No
18644,No
16499,No
32384,No
6906,No
14202,No
28474,No
6291,No
19694,No
15568,No
33393,No
35671,No
29597,No
17086,No
5902,No
17802,No
21162,No
33260,No
35579,No
4828,No
30203,Yes
9836,No
8101,No
13317,No
5334,No
25478,No
18032,No
14111,No
8449,No
14713,No
31232,No
3567,No
20936,No
11911,No
910,No
35380,Yes
33902,No
34657,No
6504,No
36550,No
17307,No
32118,No
23718,No
3498,No
40557,Yes
17332,No
10982,No
20373,No
20486,Yes
9504,No
32861,No
4692,No
5671,No
10582,No
19472,No
32721,No
9130,No
32874,No
18648,No
20219,No
33836,No
17713,No
25078,No
14132,Yes
6568,No
16655,Yes
17109,Yes
38557,Yes
27138,No
17343,No
22317,No
40216,Yes
39455,Yes
3432,No
17829,No
12615,No
4042,No
13789,Yes
12052,No
36327,Yes
3356,No
39537,Yes
9145,No
25233,No
9384,No
15525,Yes
20712,No
20132,No
14058,No
13534,No
17486,No
40972,Yes
22994,No
31147,Yes
22810,No
39303,Yes
6495,Yes
20518,No
30194,Yes
9719,No
17096,No
20057,Yes
35289,No
11206,No
29786,Yes
38482,Yes
36286,No
30112,No
32089,No
24829,No
4839,No
12843,Yes
18100,No
19458,No
21846,No
27339,No
21075,No
23330,Yes
20762,No
34453,No
19218,No
28404,No
12873,No
13632,Yes
26244,No
36357,No
7121,No
20022,No
22841,No
27506,No
35205,No
22413,No
12954,No
24124,No
25773,No
27216,Yes
4054,No
1298,No
6091,No
35413,No
20297,No
40480,Yes
24822,No
34499,No
6951,No
4642,No
4901,Yes
14711,Yes
14483,Yes
32896,No
40424,Yes
6377,No
36910,Yes
32953,No
41143,Yes
29605,No
5663,No
7922,No
27405,No
21820,No
33863,No
16044,No
35420,No
26511,Yes
40356,Yes
37683,Yes
22246,No
36734,No
16883,No
23944,No
9699,No
37520,No
10326,No
33425,No
16828,No
5834,No
36683,Yes
36842,No
37591,Yes
21567,No
37418,No
4405,No
15247,Yes
9633,No
3565,No
2169,No
10117,No
2787,No
13498,No
36764,Yes
21203,No
26221,No
1584,No
15897,No
20815,No
37684,No
23661,No
16129,No
3917,No
723,Yes
7705,No
26376,No
17288,No
17646,No
15003,No
661,No
36602,Yes
32795,No
31072,Yes
39357,Yes
18305,Yes
31042,No
9088,No
2814,Yes
24298,No
22467,No
3086,No
24178,No
12032,No
37813,No
36878,Yes
40931,Yes
18129,Yes
21336,No
27491,No
38618,Yes
26935,Yes
5232,No
23523,No
2501,No
15693,No
28314,No
22518,No
21772,Yes
21737,No
24992,No
7584,No
35625,No
1164,No
13890,No
21263,No
27496,Yes
32485,No
30845,No
7537,No
26986,No
21512,No
11816,No
2625,No
38925,Yes
17137,No
31344,No
4867,No
959,No
38092,Yes
18154,No
25293,No
40209,Yes
17258,No
6097,No
9952,No
26766,No
21296,No
40794,Yes
37843,No
626,No
26041,Yes
21155,No
23093,No
35905,Yes
9226,No
27753,No
31399,No
14279,No
1335,No
34546,No
14195,No
11309,No
30513,No
1022,No
16610,No
33159,Yes
20628,No
18392,No
7203,No
12094,No
30462,Yes
39644,Yes
16278,Yes
26819,No
23345,No
19824,No
24332,No
11019,No
38789,No
12168,No
39797,Yes
26290,No
4082,No
20580,No
8270,No
7979,No
27513,No
889,No
7430,No
15104,No
3446,No
9835,No
4504,No
3577,No
18069,No
14959,No
19143,No
30920,No
24236,No
3145,No
13485,No
26346,No
2513,No
32810,Yes
30449,No
9616,No
37533,No
1926,No
4453,No
19672,No
29210,No
33609,No
17000,Yes
41141,Yes
26469,No
11555,No
4334,No
21785,No
37902,No
1904,No
13893,No
21401,No
25063,No
40388,Yes
12190,No
29936,No
4450,No
15797,No
34262,No
26130,No
23457,No
13161,No
9886,No
13880,No
35552,No
36180,No
29098,No
37866,No
27861,Yes
12242,No
8992,No
37491,Yes
37312,Yes
13697,No
719,Yes
6571,No
34207,No
2373,No
40893,Yes
1101,No
29383,Yes
40729,Yes
8890,No
523,No
9312,No
38390,No
5945,No
30681,No
3218,No
19157,No
24596,No
25807,No
15494,No
26295,No
25964,No
23672,No
38790,Yes
41107,No
11994,No
15082,No
40444,No
7402,No
38927,Yes
7079,No
1009,No
5781,No
20903,No
27878,No
18460,No
28949,No
24130,No
26112,No
13772,No
22661,No
10501,No
1222,No
25451,No
32992,No
7758,No
40206,Yes
9277,No
34308,No
39760,Yes
9551,No
39925,Yes
20571,No
7948,No
27638,No
23678,No
26839,No
26900,No
30853,Yes
38165,Yes
28568,No
16608,No
23323,No
17659,No
37691,No
12178,No
18458,No
40625,No
19746,No
38464,Yes
22815,No
41102,Yes
37975,Yes
21228,No
1956,No
3040,Yes
18463,No
28071,No
36881,No
3345,No
39759,No
30266,Yes
25556,No
11582,No
26872,No
40125,Yes
2552,No
33945,No
20785,No
11423,No
19750,No
32766,No
22474,No
14338,No
40513,Yes
39138,Yes
40550,Yes
25121,No
12831,No
27581,No
25314,No
30606,No
29822,No
31194,No
1875,No
20139,No
22401,Yes
18190,No
22491,No
13448,No
18772,No
40367,Yes
18721,No
22057,No
26738,No
40398,Yes
34089,Yes
17067,No
39998,Yes
17975,No
17634,No
28977,No
28099,No
26067,No
14918,No
18732,No
732,No
8399,No
25396,No
34446,No
23392,No
38412,Yes
20152,No
7637,No
14581,No
40359,Yes
5748,No
8040,No
36168,Yes
22676,No
31043,No
16841,No
22713,No
25352,No
28594,No
3180,No
5297,No
15607,No
17219,Yes
10437,No
26384,No
20820,No
8395,No
11706,No
5797,No
13975,No
35145,No
37742,No
39741,No
38627,No
28554,No
20010,No
38582,Yes
27555,No
25949,No
13386,No
8099,No
26782,No
15374,No
17410,No
32059,Yes
33976,Yes
19926,Yes
10282,No
23983,No
39390,Yes
13821,No
32441,No
28001,No
20247,No
13619,No
11583,No
25042,No
32989,No
21338,No
35025,Yes
10147,No
39808,Yes
30895,No
10923,No
137,No
40041,Yes
40567,Yes
16283,No
4343,No
26217,No
18115,No
40952,Yes
10105,No
21502,No
5059,No
20104,No
5893,No
17956,No
28702,No
31534,No
20719,No
31181,No
2583,Yes
399,No
40463,Yes
14791,No
38055,No
11566,No
36544,No
2888,No
9086,No
16825,No
33787,No
8904,No
11971,No
12124,No
36849,Yes
3541,No
34660,No
30928,No
21729,No
3429,No
13292,No
11813,No
15915,No
38755,Yes
38664,No
24264,No
37647,No
14232,No
30805,No
18419,No
37729,Yes
7021,No
11421,No
16339,No
34074,No
36540,Yes
4255,No
23981,Yes
24074,No
31736,Yes
26458,No
24666,No
18650,No
7235,No
23912,No
3486,No
15687,No
34072,No
27856,Yes
35919,No
21582,No
2496,No
38275,Yes
2046,No
31180,Yes
5875,No
30113,No
28315,No
19214,No
12670,No
27361,No
35545,Yes
1989,No
35220,No
11810,No
33397,No
21666,No
15715,No
550,No
27603,No
28851,Yes
11034,No
16237,No
15199,No
9827,No
5271,No
20098,No
32932,No
13309,No
18130,No
38808,Yes
17217,No
15671,Yes
28286,No
16016,No
11761,No
16244,No
34535,Yes
18902,No
25077,No
4703,No
10397,No
26306,No
7205,No
20958,No
987,Yes
8086,No
14722,Yes
2638,Yes
37477,Yes
30719,No
5918,No
27311,No
9441,No
12606,No
29930,No
13972,No
12786,No
32231,No
35542,No
14507,No
40650,Yes
19023,No
36323,No
17021,No
16746,No
5582,No
13820,Yes
26135,No
16718,No
15122,No
28787,No
2546,No
41046,Yes
19674,No
4058,No
25688,No
8991,No
22684,No
26106,No
34762,No
25526,No
20546,No
14117,No
1553,No
17947,Yes
7731,Yes
393,No
11505,No
29159,No
26457,No
34814,No
25089,No
36777,No
40770,Yes
13188,No
32427,No
20778,No
36403,No
34817,No
22428,No
12341,No
25029,No
20085,Yes
14331,No
30594,No
21669,No
35262,No
5997,No
22971,No
16504,No
33769,No
10856,No
35348,No
25847,No
20483,Yes
2306,No
32772,No
3251,No
30175,Yes
7159,No
33228,No
14174,Yes
4019,No
19579,No
33480,No
33414,No
10002,No
39569,Yes
8703,No
12389,Yes
12974,No
12841,No
6100,No
9399,No
34544,Yes
38067,Yes
1582,No
6331,No
10359,No
35975,No
11969,No
11909,No
40362,Yes
9534,No
33484,No
10021,No
600,No
39022,No
19372,Yes
2762,No
38182,Yes
7701,No
17083,Yes
23120,No
3938,No
5524,No
11936,No
30509,No
14714,No
5979,No
34617,No
13422,No
5111,No
9077,No
31432,No
2599,No
8953,No
32645,Yes
22367,Yes
5424,No
40256,No
16358,No
8120,Yes
36223,No
31005,Yes
8653,No
22352,No
23193,No
34476,Yes
8696,No
35993,No
26197,No
13747,No
4767,No
14578,No
7964,No
9453,No
11619,No
40458,Yes
8515,No
22336,No
36386,No
13841,No
38251,No
40436,No
16501,No
20934,No
6866,No
34247,Yes
32961,No
37709,No
23052,No
37183,Yes
3820,No
13743,No
24752,No
38286,Yes
248,No
9947,No
7913,No
40292,Yes
26747,No
37875,Yes
32149,No
3527,No
12315,Yes
20836,No
4756,No
2954,No
32140,No
20976,No
23282,No
35274,Yes
8767,No
14396,No
24416,No
37384,Yes
16209,No
2677,No
39117,Yes
8070,No
13846,No
7536,No
27335,No
35430,No
23717,No
10151,No
2156,No
6402,No
5645,No
13822,No
13250,No
20357,No
8483,No
31394,No
6119,No
22719,No
31253,No
17699,No
11269,No
27612,No
22214,No
22585,No
33354,No
17609,No
28323,No
7391,No
8047,No
30210,Yes
11024,No
6576,No
2074,No
4389,No
25384,No
23864,No
29270,No
18643,No
37331,Yes
14805,Yes
1756,No
2697,No
22027,Yes
2776,No
1248,No
24009,No
10870,No
26288,No
12314,No
32534,No
701,No
9194,No
31734,No
10331,No
23444,No
4893,No
37485,No
1478,No
1465,No
6173,No
27148,No
22254,No
20569,Yes
39071,Yes
19438,No
31155,Yes
18865,No
4487,No
24668,No
31215,Yes
2058,No
25184,No
8980,No
15108,No
20352,No
5842,No
34858,No
10420,No
21232,No
37539,Yes
30177,No
23591,No
19067,No
34508,No
13441,No
22397,No
16433,No
11820,No
31087,No
24272,No
4874,No
30990,No
40644,Yes
2610,Yes
40163,Yes
18252,Yes
32764,No
12170,No
12245,No
29156,No
26680,No
34160,No
5629,No
12931,Yes
26146,Yes
9269,No
43,No
27076,No
37180,No
1788,No
25953,No
37779,Yes
31698,No
31929,No
2182,No
28241,No
4624,No
3357,No
22388,No
22038,No
3430,No
3572,No
1929,No
1125,No
37928,Yes
30079,No
1083,No
347,No
37357,Yes
13525,No
17119,No
28986,No
20875,No
6785,No
18765,No
15175,No
15697,No
11724,No
3510,No
10903,No
5633,No
11359,No
36211,No
12992,No
5228,No
29716,No
11079,No
7657,No
19461,No
2613,No
28617,No
7163,No
14977,No
28346,No
3579,No
4795,No
15070,No
22086,No
28187,No
11134,No
6114,No
5677,No
5250,No
39517,Yes
34085,No
9982,No
33070,No
12176,No
17806,No
19127,No
39692,Yes
33599,No
1833,No
12596,Yes
37315,Yes
2573,No
32094,No
25803,No
40908,No
22850,No
7878,No
36082,No
21923,No
12417,No
5760,No
37639,Yes
23140,No
25144,No
13662,No
17537,No
2459,Yes
29843,Yes
8181,No
23216,No
9887,No
8403,No
1367,Yes
35255,No
4430,No
33810,No
32204,No
26603,No
34880,No
6675,No
23299,No
36090,No
24190,No
687,No
10068,No
31969,Yes
29539,No
25865,No
28580,No
34512,No
36549,Yes
22495,No
32365,No
13165,No
23955,No
15123,No
16498,No
10258,No
10443,Yes
38799,Yes
27035,No
37925,Yes
14964,No
40355,Yes
11614,No
28967,No
37305,No
12020,No
28827,No
15699,No
36388,No
28872,No
16586,Yes
37057,No
34483,No
18642,No
31402,No
3210,Yes
1703,No
31162,No
4157,No
13857,No
10716,No
22090,No
2558,No
23414,Yes
13054,No
34380,Yes
18753,No
5707,Yes
6018,No
29985,No
15500,Yes
9206,No
34117,No
33734,No
28292,No
23105,No
22897,No
40296,Yes
6922,No
8029,No
21787,No
17286,No
3112,No
34230,No
10143,Yes
33036,No
40396,Yes
33974,No
6527,No
39256,Yes
8387,No
35789,No
29088,Yes
3055,No
2445,No
34864,No
13640,No
36344,Yes
7642,No
37981,No
32085,No
38409,Yes
30728,Yes
14903,No
14489,No
29991,No
18991,No
14115,No
1700,No
34650,No
38048,Yes
8925,No
12717,No
18557,No
10565,No
27362,No
538,No
15662,No
36933,No
32355,No
7480,No
23781,No
23803,No
27573,No
28265,No
25458,No
20566,No
21792,No
21444,No
22910,No
31254,No
24634,No
29273,No
32361,No
39333,Yes
2348,No
17845,No
11455,No
34358,No
14106,No
5621,No
39774,Yes
23630,No
14265,No
23813,No
26907,Yes
32167,No
26242,No
29501,No
27965,No
31579,No
